{
    "step": 0,
    "loss": 0.5888129472732544,
    "accuracy": 0.7959333062171936
}