{
    "step": 8,
    "loss": 0.2396642118692398,
    "accuracy": 0.9122333526611328
}