{
    "step": 5,
    "loss": 0.2755035161972046,
    "accuracy": 0.9013500213623047
}