{
    "step": 1,
    "loss": 0.38757795095443726,
    "accuracy": 0.8654833436012268
}