{
    "step": 4,
    "loss": 0.2907315492630005,
    "accuracy": 0.8963500261306763
}