{
    "step": 6,
    "loss": 0.2624209225177765,
    "accuracy": 0.9056166410446167
}