{
    "step": 7,
    "loss": 0.24887655675411224,
    "accuracy": 0.9087166786193848
}