{
    "step": 2,
    "loss": 0.33789294958114624,
    "accuracy": 0.881850004196167
}