{
    "step": 3,
    "loss": 0.31198444962501526,
    "accuracy": 0.8899499773979187
}