{
    "step": 9,
    "loss": 0.23153069615364075,
    "accuracy": 0.915316641330719
}