{"loss": 0.2570251524448395, "accuracy": 0.9078999757766724}