{"loss": 0.2874709367752075, "accuracy": 0.9114000201225281}