{"loss": 0.25583314895629883, "accuracy": 0.907800018787384}